"text","favorited","favoriteCount","replyToSN","created","truncated","replyToSID","id","replyToUID","statusSource","screenName","retweetCount","isRetweet","retweeted","longitude","latitude"
"@ejrollinson @fmic_ Thx for another analysis! Curious how #ESASciComm &amp; #EngageESA; #sciart, #artscience… https://t.co/n8rkAVc3No",FALSE,0,"ejrollinson",2017-08-13 04:59:30,TRUE,"896454013012631552","896597054201503744","2724477037","<a href=""http://twitter.com/download/android"" rel=""nofollow"">Twitter for Android</a>","commnatural",0,FALSE,FALSE,NA,NA
"@impactmedialab @duffy_ma #ESASciComm and #policy on the fly - #EngageESA in action at #ESA2017!",FALSE,0,"impactmedialab",2017-08-12 16:07:48,FALSE,"896250097083613186","896402848396849152","753754656619331584","<a href=""http://twitter.com/download/android"" rel=""nofollow"">Twitter for Android</a>","commnatural",0,FALSE,FALSE,NA,NA
"Hopefully you'll see the result this week! And thanks again, @impactmedialab! #ESAscicomm https://t.co/vVOexMMZhX",FALSE,2,NA,2017-08-12 11:15:04,FALSE,NA,"896329181952438272",NA,"<a href=""http://twitter.com"" rel=""nofollow"">Twitter Web Client</a>","duffy_ma",0,FALSE,FALSE,NA,NA
"@JacquelynGill @frameshiftllc @ESA_org Can the #ESASciComm section help in any way to make this happen?",FALSE,3,"JacquelynGill",2017-08-11 17:36:15,FALSE,"895868506150916096","896062722240004096","112475924","<a href=""http://twitter.com/download/android"" rel=""nofollow"">Twitter for Android</a>","commnatural",0,FALSE,FALSE,NA,NA
"RT @DrRamBio: #ESA2017 is scientists talking to each other abt science! Let's train students to #scicomm too! #ESASciComm is needed NOW mor…",FALSE,0,NA,2017-08-11 16:39:48,FALSE,NA,"896048514198896640",NA,"<a href=""http://placeholder.place"" rel=""nofollow"">_open_science_</a>","_open_science_",1,TRUE,FALSE,NA,NA
"#ESA2017 is scientists talking to each other abt science! Let's train students to #scicomm too! #ESASciComm is needed NOW more than EVER!",FALSE,3,NA,2017-08-11 16:39:14,FALSE,NA,"896048374255931392",NA,"<a href=""http://twitter.com"" rel=""nofollow"">Twitter Web Client</a>","DrRamBio",1,FALSE,FALSE,NA,NA
"RT @DrRamBio: #ESASciComm (&amp; #scicomm), Check out @flipgrid! The BEST video discussion platform to help students practice #Scicomm https://…",FALSE,0,NA,2017-08-11 16:30:43,FALSE,NA,"896046227627945991",NA,"<a href=""http://placeholder.place"" rel=""nofollow"">_open_science_</a>","_open_science_",1,TRUE,FALSE,NA,NA
"#ESASciComm (&amp; #scicomm), Check out @flipgrid! The BEST video discussion platform to help students practice #Scicomm https://t.co/kijAmvScyO",FALSE,2,NA,2017-08-11 16:29:02,FALSE,NA,"896045804875636737",NA,"<a href=""http://twitter.com"" rel=""nofollow"">Twitter Web Client</a>","DrRamBio",1,FALSE,FALSE,NA,NA
"RT @DrRamBio: #ESASciComm (&amp; #scicomm-ers), Check out @flipgrid! An AMAZING tool to help your students practice #Scicomm? https://t.co/AzzN…",FALSE,0,NA,2017-08-11 15:48:22,FALSE,NA,"896035572216733696",NA,"<a href=""http://placeholder.place"" rel=""nofollow"">_open_science_</a>","_open_science_",1,TRUE,FALSE,NA,NA
"#ESASciComm (&amp; #scicomm-ers), Check out @flipgrid! An AMAZING tool to help your students practice #Scicomm? https://t.co/AzzN4FW4ij",FALSE,2,NA,2017-08-11 15:47:23,FALSE,NA,"896035325872672771",NA,"<a href=""http://twitter.com"" rel=""nofollow"">Twitter Web Client</a>","DrRamBio",1,FALSE,FALSE,NA,NA
"#scicommjob with @arcticdatactr #ESASciComm #EngageESA https://t.co/QTeIF3r5Ni",FALSE,0,NA,2017-08-11 15:41:43,FALSE,NA,"896033897477062657",NA,"<a href=""http://twitter.com/download/android"" rel=""nofollow"">Twitter for Android</a>","commnatural",0,FALSE,FALSE,NA,NA
"#scicommjob w/ @DataONEorg #ESASciComm #engageesa https://t.co/R2YWwC24x0",FALSE,0,NA,2017-08-11 15:33:57,FALSE,NA,"896031945032728576",NA,"<a href=""http://twitter.com/download/android"" rel=""nofollow"">Twitter for Android</a>","commnatural",0,FALSE,FALSE,NA,NA
"RT @duffy_ma: Here it is with more info added thanks to feedback from @commnatural! #esascicomm #esa2017 #sketchyourscience https://t.co/ht…",FALSE,0,NA,2017-08-11 12:10:04,FALSE,NA,"895980634686054400",NA,"<a href=""http://twitter.com/download/iphone"" rel=""nofollow"">Twitter for iPhone</a>","atiretoo",2,TRUE,FALSE,NA,NA
"RT @A_Hettinger: #ESASciComm booth looking good thanks to all the #sketchyourscience contributions. #ESA2017 #SciArt #SciComm @commnatural…",FALSE,0,NA,2017-08-11 01:39:29,FALSE,NA,"895821941306671104",NA,"<a href=""http://twitter.com/download/iphone"" rel=""nofollow"">Twitter for iPhone</a>","ElsitaMK",7,TRUE,FALSE,NA,NA
"Kudos for using #sketchyourscience to advertise #ESA2017 talk! #ESASciComm https://t.co/3UQylJnfZG",FALSE,1,NA,2017-08-11 01:13:53,FALSE,NA,"895815501091229696",NA,"<a href=""http://twitter.com/download/android"" rel=""nofollow"">Twitter for Android</a>","commnatural",0,FALSE,FALSE,NA,NA
"RT @A_Hettinger: #ESASciComm booth looking good thanks to all the #sketchyourscience contributions. #ESA2017 #SciArt #SciComm @commnatural…",FALSE,0,NA,2017-08-11 01:09:13,FALSE,NA,"895814324723122176",NA,"<a href=""http://twitter.com/download/android"" rel=""nofollow"">Twitter for Android</a>","commnatural",7,TRUE,FALSE,NA,NA
"Noisy neighbors? #sketchyourscience from Casey Lee &amp; her illustrator! #ESASciComm #ESA2017 booth 303 https://t.co/Ab0mBRzthi",FALSE,1,NA,2017-08-11 01:08:04,FALSE,NA,"895814035924332544",NA,"<a href=""http://twitter.com/download/android"" rel=""nofollow"">Twitter for Android</a>","commnatural",0,FALSE,FALSE,NA,NA
"RT @A_Hettinger: #ESASciComm booth looking good thanks to all the #sketchyourscience contributions. #ESA2017 #SciArt #SciComm @commnatural…",FALSE,0,NA,2017-08-11 00:59:15,FALSE,NA,"895811817150087168",NA,"<a href=""http://twitter.com/download/iphone"" rel=""nofollow"">Twitter for iPhone</a>","priyology",7,TRUE,FALSE,NA,NA
"Turns out if you have a #scicomm emergency, the wonderful folks at #esascicomm will help! Thanks, @commnatural &amp; @impactmedialab! #esa2017",FALSE,12,NA,2017-08-11 00:23:00,FALSE,NA,"895802695700762624",NA,"<a href=""http://twitter.com/download/iphone"" rel=""nofollow"">Twitter for iPhone</a>","duffy_ma",0,FALSE,FALSE,NA,NA
"RT @commnatural: @duffy_ma .@duffy_ma You get ALL THE POINTS, because we can understand the message. #ESA2017 #ESASciComm #sketchyourscienc…",FALSE,0,NA,2017-08-11 00:18:47,FALSE,NA,"895801635166748672",NA,"<a href=""http://twitter.com/download/iphone"" rel=""nofollow"">Twitter for iPhone</a>","duffy_ma",1,TRUE,FALSE,NA,NA
"RT @A_Hettinger: #ESASciComm booth looking good thanks to all the #sketchyourscience contributions. #ESA2017 #SciArt #SciComm @commnatural…",FALSE,0,NA,2017-08-11 00:16:47,FALSE,NA,"895801130155876356",NA,"<a href=""http://twitter.com"" rel=""nofollow"">Twitter Web Client</a>","Kitty_H_Liu",7,TRUE,FALSE,NA,NA
"RT @A_Hettinger: #ESASciComm booth looking good thanks to all the #sketchyourscience contributions. #ESA2017 #SciArt #SciComm @commnatural…",FALSE,0,NA,2017-08-10 23:50:34,FALSE,NA,"895794535338573825",NA,"<a href=""http://twitter.com"" rel=""nofollow"">Twitter Web Client</a>","DaveDenlinger",7,TRUE,FALSE,NA,NA
"RT @A_Hettinger: #ESASciComm booth looking good thanks to all the #sketchyourscience contributions. #ESA2017 #SciArt #SciComm @commnatural…",FALSE,0,NA,2017-08-10 23:49:15,FALSE,NA,"895794200985382912",NA,"<a href=""http://placeholder.place"" rel=""nofollow"">_open_science_</a>","_open_science_",7,TRUE,FALSE,NA,NA
"RT @A_Hettinger: #ESASciComm booth looking good thanks to all the #sketchyourscience contributions. #ESA2017 #SciArt #SciComm @commnatural…",FALSE,0,NA,2017-08-10 23:48:21,FALSE,NA,"895793977328193536",NA,"<a href=""https://about.twitter.com/products/tweetdeck"" rel=""nofollow"">TweetDeck</a>","AzurigenMCS",7,TRUE,FALSE,NA,NA
"#ESASciComm booth looking good thanks to all the #sketchyourscience contributions. #ESA2017 #SciArt #SciComm… https://t.co/EIBJSPys3a",FALSE,13,NA,2017-08-10 23:48:05,TRUE,NA,"895793910533898240",NA,"<a href=""http://twitter.com/download/iphone"" rel=""nofollow"">Twitter for iPhone</a>","A_Hettinger",7,FALSE,FALSE,NA,NA
"@duffy_ma .@duffy_ma You get ALL THE POINTS, because we can understand the message. #ESA2017 #ESASciComm #sketchyourscience at booth 303!",FALSE,3,"duffy_ma",2017-08-10 23:41:27,FALSE,"895777287387324416","895792238990573568","453892183","<a href=""http://twitter.com/download/android"" rel=""nofollow"">Twitter for Android</a>","commnatural",1,FALSE,FALSE,NA,NA
"RT @duffy_ma: Here it is with more info added thanks to feedback from @commnatural! #esascicomm #esa2017 #sketchyourscience https://t.co/ht…",FALSE,0,NA,2017-08-10 23:10:31,FALSE,NA,"895784455109042176",NA,"<a href=""http://twitter.com/#!/download/ipad"" rel=""nofollow"">Twitter for iPad</a>","BenardMF",2,TRUE,FALSE,NA,NA
"Here it is with more info added thanks to feedback from @commnatural! #esascicomm #esa2017 #sketchyourscience https://t.co/htQ5Jx4agp",FALSE,20,"duffy_ma",2017-08-10 22:53:02,FALSE,"895777287387324416","895780056093425664","453892183","<a href=""http://twitter.com/download/iphone"" rel=""nofollow"">Twitter for iPhone</a>","duffy_ma",2,FALSE,FALSE,NA,NA
"I'm a terrible artist, but maybe I get some points for trying?! #esascicomm #sketchyourscience https://t.co/ZUQel16kQp",FALSE,50,NA,2017-08-10 22:42:02,FALSE,NA,"895777287387324416",NA,"<a href=""http://twitter.com/download/iphone"" rel=""nofollow"">Twitter for iPhone</a>","duffy_ma",0,FALSE,FALSE,NA,NA
"RT @commnatural: It's story time! My #ESA2017 talk re #EcologicalConcepts in picture books is at 1:30 in B114! #SciArt  #ESASciComm https:/…",FALSE,0,NA,2017-08-10 22:40:39,FALSE,NA,"895776940111482881",NA,"<a href=""https://about.twitter.com/products/tweetdeck"" rel=""nofollow"">TweetDeck</a>","AzurigenMCS",1,TRUE,FALSE,NA,NA
"It's story time! My #ESA2017 talk re #EcologicalConcepts in picture books is at 1:30 in B114! #SciArt  #ESASciComm https://t.co/BMh4RV64nC",FALSE,7,NA,2017-08-10 22:40:26,FALSE,NA,"895776885552041985",NA,"<a href=""http://twitter.com/download/android"" rel=""nofollow"">Twitter for Android</a>","commnatural",1,FALSE,FALSE,NA,NA
"RT @A_Hettinger: So excited for live storytelling by @Kirsten_GC!! #ESA2017 #SciComm   #ESASciComm #FloridaKeys https://t.co/pB9PtmmIpO",FALSE,0,NA,2017-08-10 22:12:45,FALSE,NA,"895769918859350016",NA,"<a href=""http://twitter.com/#!/download/ipad"" rel=""nofollow"">Twitter for iPad</a>","NavyBiomech",1,TRUE,FALSE,NA,NA
"#ESASciComm #SciComm #SciCommJob https://t.co/F0dOelO0bT",FALSE,4,NA,2017-08-10 17:35:30,FALSE,NA,"895700144594628609",NA,"<a href=""http://twitter.com/download/iphone"" rel=""nofollow"">Twitter for iPhone</a>","A_Hettinger",0,FALSE,FALSE,NA,NA
"RT @commnatural: Robin Kemmerer: we need data to change our minds but poetry to change our hearts. Quotes in #sciart #ignite #ESASciComm #E…",FALSE,0,NA,2017-08-10 17:23:39,FALSE,NA,"895697161152638976",NA,"<a href=""http://twitter.com/download/android"" rel=""nofollow"">Twitter for Android</a>","RebeccaDegagne",3,TRUE,FALSE,NA,NA
"@duffy_ma @RachelPenczy Yes! @RachelPenczy I'll be at the #esascicomm booth during the poster sess",FALSE,1,"duffy_ma",2017-08-10 16:49:23,FALSE,"895442299944968193","895688540494766081","453892183","<a href=""http://twitter.com/download/iphone"" rel=""nofollow"">Twitter for iPhone</a>","impactmedialab",0,FALSE,FALSE,NA,NA
"RT @commnatural: Standing room only! #sketchyourscience w/ @caryinstitute Matthew, Chloe, Dan, Natalie &amp; Konstantina! #ESASciComm #ESA2017…",FALSE,0,NA,2017-08-10 12:09:21,FALSE,NA,"895618066972848128",NA,"<a href=""http://twitter.com"" rel=""nofollow"">Twitter Web Client</a>","caryinstitute",1,TRUE,FALSE,NA,NA
"RT @A_Hettinger: .@ErinHBarker @EcologyOfShane @story_collider @AGU_SciComm rocking the live #storytelling show intro! #ESA2017 #ESASciComm…",FALSE,0,NA,2017-08-10 03:07:54,FALSE,NA,"895481805305806853",NA,"<a href=""http://twitter.com/download/iphone"" rel=""nofollow"">Twitter for iPhone</a>","ErinHBarker",2,TRUE,FALSE,NA,NA
"Story Collider/sb4theabatract show is riveting. Tweets might break the spell. #ESA2017 #ESASciComm #improv",FALSE,0,NA,2017-08-10 03:05:15,FALSE,NA,"895481138872963072",NA,"<a href=""http://twitter.com/download/android"" rel=""nofollow"">Twitter for Android</a>","commnatural",0,FALSE,FALSE,NA,NA
"Folks are lining up for the #ESASciComm #ESA2017 storytelling session w/ @storycollider &amp; @b4theabstract! https://t.co/jX84JMk7E8",FALSE,0,NA,2017-08-10 03:04:42,FALSE,NA,"895481001492701184",NA,"<a href=""http://twitter.com/download/android"" rel=""nofollow"">Twitter for Android</a>","commnatural",0,FALSE,FALSE,NA,NA
"Standing room only! #sketchyourscience w/ @caryinstitute Matthew, Chloe, Dan, Natalie &amp; Konstantina! #ESASciComm… https://t.co/fDSC75MVZO",FALSE,7,NA,2017-08-10 03:04:42,TRUE,NA,"895481001488506881",NA,"<a href=""http://twitter.com/download/android"" rel=""nofollow"">Twitter for Android</a>","commnatural",1,FALSE,FALSE,NA,NA
"RT @EcologyOfShane: My #sketchyourscience contribution at #ESA2017 for #esascicomm repping @AGU_SciComm &amp; @story_collider. Scientists are n…",FALSE,0,NA,2017-08-10 03:00:10,FALSE,NA,"895479858880532480",NA,"<a href=""http://twitter.com"" rel=""nofollow"">Twitter Web Client</a>","ms_HelenC",3,TRUE,FALSE,NA,NA
"RT @A_Hettinger: .@ErinHBarker @EcologyOfShane @story_collider @AGU_SciComm rocking the live #storytelling show intro! #ESA2017 #ESASciComm…",FALSE,0,NA,2017-08-10 02:20:53,FALSE,NA,"895469973065187328",NA,"<a href=""http://twitter.com/download/iphone"" rel=""nofollow"">Twitter for iPhone</a>","dillott",2,TRUE,FALSE,NA,NA
".@ErinHBarker @EcologyOfShane @story_collider @AGU_SciComm rocking the live #storytelling show intro! #ESA2017… https://t.co/KoTK4a40Mp",FALSE,5,"A_Hettinger",2017-08-10 02:20:03,TRUE,"895468870177140736","895469764159479808","1872646711","<a href=""http://twitter.com/download/iphone"" rel=""nofollow"">Twitter for iPhone</a>","A_Hettinger",2,FALSE,FALSE,NA,NA
"So excited for live storytelling by @Kirsten_GC!! #ESA2017 #SciComm   #ESASciComm #FloridaKeys https://t.co/pB9PtmmIpO",FALSE,3,"A_Hettinger",2017-08-10 02:16:30,FALSE,"895466876544860160","895468870177140736","1872646711","<a href=""http://twitter.com/download/iphone"" rel=""nofollow"">Twitter for iPhone</a>","A_Hettinger",1,FALSE,FALSE,NA,NA
"If it doesn't make sense, come to my poster Fri. AM. 
If it does make sense, still come. 
#SketchYourScience… https://t.co/rKkoWbyUwi",FALSE,9,NA,2017-08-10 01:23:58,TRUE,NA,"895455650343305216",NA,"<a href=""http://twitter.com/download/iphone"" rel=""nofollow"">Twitter for iPhone</a>","DanielKinka",1,FALSE,FALSE,NA,NA
"#sketchyourscience starts young at booth 303! #ESASciComm #ESA2017 https://t.co/A1b9fEsB6o",FALSE,0,NA,2017-08-10 00:51:02,FALSE,NA,"895447362751025152",NA,"<a href=""http://twitter.com/download/android"" rel=""nofollow"">Twitter for Android</a>","commnatural",0,FALSE,FALSE,NA,NA
"#vegplots make a strong showing at #sketchyourscience! Booth 303 #ESASciComm #ESA2017 https://t.co/LHo86eyCu7",FALSE,0,NA,2017-08-10 00:38:43,FALSE,NA,"895444261939814400",NA,"<a href=""http://twitter.com/download/android"" rel=""nofollow"">Twitter for Android</a>","commnatural",0,FALSE,FALSE,NA,NA
".@duffy_ma, want to #sketchyourscience and add to our daphnia section?!? :) #ESASciComm #ESA2017 booth 303 https://t.co/HBHc7Hjdf0",FALSE,2,NA,2017-08-10 00:38:43,FALSE,NA,"895444261604179968",NA,"<a href=""http://twitter.com/download/android"" rel=""nofollow"">Twitter for Android</a>","commnatural",0,FALSE,FALSE,NA,NA
"ONE HOUR before the bar opens at our live storytelling show! We take the stage at 7PM, room B116 #ESA2017 #ESASciComm",FALSE,1,NA,2017-08-10 00:30:07,FALSE,NA,"895442097599205376",NA,"<a href=""http://www.spredfast.com"" rel=""nofollow"">Spredfast app</a>","b4theabstract",0,FALSE,FALSE,NA,NA
"RT @commnatural: .@ecologyofshane on his @agu-scicomm for #sketchyourscience. Swing by #ESASciComm booth 303 to sketch yours for #ESA2017.…",FALSE,0,NA,2017-08-10 00:02:31,FALSE,NA,"895435154629345280",NA,"<a href=""http://twitter.com/download/iphone"" rel=""nofollow"">Twitter for iPhone</a>","AGU_SciComm",3,TRUE,FALSE,NA,NA
"RT @commnatural: .@ecologyofshane on his @agu-scicomm for #sketchyourscience. Swing by #ESASciComm booth 303 to sketch yours for #ESA2017.…",FALSE,0,NA,2017-08-10 00:02:09,FALSE,NA,"895435059217313792",NA,"<a href=""http://twitter.com/download/iphone"" rel=""nofollow"">Twitter for iPhone</a>","EcologyOfShane",3,TRUE,FALSE,NA,NA
"RT @commnatural: .@ecologyofshane on his @agu-scicomm for #sketchyourscience. Swing by #ESASciComm booth 303 to sketch yours for #ESA2017.…",FALSE,0,NA,2017-08-09 23:48:00,FALSE,NA,"895431499616468993",NA,"<a href=""http://twitter.com/download/iphone"" rel=""nofollow"">Twitter for iPhone</a>","A_Hettinger",3,TRUE,FALSE,NA,NA
"Salamanders &amp; toxic plants &amp; bees &amp; trees oh my! Julia, Lisa, Anon &amp; @steph_birnbaum #sketchyourscience at booth 30… https://t.co/JhnbVoC3VP",FALSE,3,NA,2017-08-09 23:45:44,TRUE,NA,"895430931242115072",NA,"<a href=""http://twitter.com/download/android"" rel=""nofollow"">Twitter for Android</a>","commnatural",0,FALSE,FALSE,NA,NA
"Missing #esa2017 but I'm at @flipgrid HQ w/ great educators! Hopefully @flipgrid can help #scicomm &amp; I can bring it to #esascicomm next year",FALSE,1,NA,2017-08-09 23:37:41,FALSE,NA,"895428903669387264",NA,"<a href=""http://twitter.com/download/iphone"" rel=""nofollow"">Twitter for iPhone</a>","DrRamBio",0,FALSE,FALSE,NA,NA
"The #SciEngage #ESASciComm activity list runneth over, but I hope to see folks at tonight's #EngageESA social! https://t.co/YDDN7jasKZ",FALSE,2,NA,2017-08-09 23:36:17,FALSE,NA,"895428549326196736",NA,"<a href=""http://twitter.com/download/android"" rel=""nofollow"">Twitter for Android</a>","EngageClimate",0,FALSE,FALSE,NA,NA
".@ecologyofshane on his @agu-scicomm for #sketchyourscience. Swing by #ESASciComm booth 303 to sketch yours for… https://t.co/9E765tUesM",FALSE,3,NA,2017-08-09 23:29:15,TRUE,NA,"895426779564785665",NA,"<a href=""http://twitter.com/download/android"" rel=""nofollow"">Twitter for Android</a>","commnatural",3,FALSE,FALSE,NA,NA
"#ESASciComm your biz meeting was good... I hope it keeps going in a positive direction for you!!! If I can provide any advice plz DM.",FALSE,0,NA,2017-08-09 18:50:26,FALSE,NA,"895356614831521792",NA,"<a href=""https://about.twitter.com/products/tweetdeck"" rel=""nofollow"">TweetDeck</a>","AzurigenMCS",0,FALSE,FALSE,NA,NA
"RT @A_Hettinger: Learn the ins &amp; outs of #storytelling today @ 11:30 D140 #ESA2017 #SciComm #ESASciComm @b4theabstract @story_collider http…",FALSE,0,NA,2017-08-09 17:57:33,FALSE,NA,"895343304191217669",NA,"<a href=""http://twitter.com/download/iphone"" rel=""nofollow"">Twitter for iPhone</a>","DrRamBio",4,TRUE,FALSE,NA,NA
"RT @A_Hettinger: Learn the ins &amp; outs of #storytelling today @ 11:30 D140 #ESA2017 #SciComm #ESASciComm @b4theabstract @story_collider http…",FALSE,0,NA,2017-08-09 17:52:12,FALSE,NA,"895341960478695424",NA,"<a href=""http://twitter.com/download/iphone"" rel=""nofollow"">Twitter for iPhone</a>","impactmedialab",4,TRUE,FALSE,NA,NA
"RT @A_Hettinger: Check out our piece about the #MySciComm blog series! https://t.co/CvyTkC8CCJ #ESASciComm Section, #ESA2017 @commnatural @…",FALSE,0,NA,2017-08-09 16:55:09,FALSE,NA,"895327600540696576",NA,"<a href=""https://about.twitter.com/products/tweetdeck"" rel=""nofollow"">TweetDeck</a>","joshsilberg",10,TRUE,FALSE,NA,NA
"RT @A_Hettinger: Check out our piece about the #MySciComm blog series! https://t.co/CvyTkC8CCJ #ESASciComm Section, #ESA2017 @commnatural @…",FALSE,0,NA,2017-08-09 16:47:42,FALSE,NA,"895325728262176768",NA,"<a href=""http://twitter.com/download/iphone"" rel=""nofollow"">Twitter for iPhone</a>","BrittanyMaule",10,TRUE,FALSE,NA,NA
"RT @EcologyOfShane: My #sketchyourscience contribution at #ESA2017 for #esascicomm repping @AGU_SciComm &amp; @story_collider. Scientists are n…",FALSE,0,NA,2017-08-09 16:35:48,FALSE,NA,"895322734556663808",NA,"<a href=""https://about.twitter.com/products/tweetdeck"" rel=""nofollow"">TweetDeck</a>","AGU_SciComm",3,TRUE,FALSE,NA,NA
"My #sketchyourscience contribution at #ESA2017 for #esascicomm repping @AGU_SciComm &amp; @story_collider. Scientists a… https://t.co/NsynfuztFk",FALSE,5,NA,2017-08-09 16:35:40,TRUE,NA,"895322700935086080",NA,"<a href=""http://twitter.com/download/iphone"" rel=""nofollow"">Twitter for iPhone</a>","EcologyOfShane",3,FALSE,FALSE,NA,NA
"#ESASciComm members &amp; potential membs: special session proposals 4 #ESA2018 due 9/14. Pls connect w/ us re ideas/collab/support! #EngageESA",FALSE,0,NA,2017-08-09 16:28:16,FALSE,NA,"895320835711311872",NA,"<a href=""http://twitter.com/download/android"" rel=""nofollow"">Twitter for Android</a>","commnatural",0,FALSE,FALSE,NA,NA
"Great visualization by Jocelyn Behm, to explain Biotic resistente #science #scicomm #ESA17 #ESA2017 #ESASciComm… https://t.co/MyMU3KlQZR",FALSE,2,NA,2017-08-09 15:47:24,TRUE,NA,"895310554784423936",NA,"<a href=""http://twitter.com/download/iphone"" rel=""nofollow"">Twitter for iPhone</a>","MarineBioAlex",0,FALSE,FALSE,NA,NA
"RT @RebaFay: @JacquelynGill &amp; this Oliver I just learned of. Good for #ESA2017 &amp; #ESASciComm 
Instructions for living a life:
Pay attention…",FALSE,0,NA,2017-08-09 15:07:06,FALSE,NA,"895300409488797696",NA,"<a href=""http://twitter.com"" rel=""nofollow"">Twitter Web Client</a>","carrieseltzer",3,TRUE,FALSE,NA,NA
"RT @A_Hettinger: Learn the ins &amp; outs of #storytelling today @ 11:30 D140 #ESA2017 #SciComm #ESASciComm @b4theabstract @story_collider http…",FALSE,0,NA,2017-08-09 14:58:13,FALSE,NA,"895298174038016000",NA,"<a href=""http://twitter.com"" rel=""nofollow"">Twitter Web Client</a>","NavyBiomech",4,TRUE,FALSE,NA,NA
"RT @A_Hettinger: Learn the ins &amp; outs of #storytelling today @ 11:30 D140 #ESA2017 #SciComm #ESASciComm @b4theabstract @story_collider http…",FALSE,0,NA,2017-08-09 14:41:57,FALSE,NA,"895294081487826944",NA,"<a href=""http://placeholder.place"" rel=""nofollow"">_open_science_</a>","_open_science_",4,TRUE,FALSE,NA,NA
"Learn the ins &amp; outs of #storytelling today @ 11:30 D140 #ESA2017 #SciComm #ESASciComm @b4theabstract… https://t.co/2AmDKDQe7j",FALSE,4,NA,2017-08-09 14:41:37,TRUE,NA,"895293996058132480",NA,"<a href=""http://twitter.com/download/iphone"" rel=""nofollow"">Twitter for iPhone</a>","A_Hettinger",4,FALSE,FALSE,NA,NA
"RT @RebaFay: @JacquelynGill &amp; this Oliver I just learned of. Good for #ESA2017 &amp; #ESASciComm 
Instructions for living a life:
Pay attention…",FALSE,0,NA,2017-08-09 13:47:44,FALSE,NA,"895280435860733952",NA,"<a href=""http://twitter.com/download/iphone"" rel=""nofollow"">Twitter for iPhone</a>","BengalKathy",3,TRUE,FALSE,NA,NA
"RT @A_Hettinger: Come on over to the #ESASciComm booth 303 and #sketchyourscience! #ESA2017 https://t.co/1J6MIuGrq1",FALSE,0,NA,2017-08-09 13:41:44,FALSE,NA,"895278927211622400",NA,"<a href=""http://twitter.com"" rel=""nofollow"">Twitter Web Client</a>","DrHolly",2,TRUE,FALSE,NA,NA
"RT @RebaFay: @JacquelynGill &amp; this Oliver I just learned of. Good for #ESA2017 &amp; #ESASciComm 
Instructions for living a life:
Pay attention…",FALSE,0,NA,2017-08-09 06:57:37,FALSE,NA,"895177230464290816",NA,"<a href=""http://twitter.com/download/android"" rel=""nofollow"">Twitter for Android</a>","_megmkelly_",3,TRUE,FALSE,NA,NA
"@JacquelynGill &amp; this Oliver I just learned of. Good for #ESA2017 &amp; #ESASciComm 
Instructions for living a life:
Pa… https://t.co/BmcxAUDyF6",FALSE,4,"JacquelynGill",2017-08-09 03:23:07,TRUE,"895119954227240960","895123246323912704","112475924","<a href=""http://twitter.com/download/iphone"" rel=""nofollow"">Twitter for iPhone</a>","RebaFay",3,FALSE,FALSE,NA,NA
"RT @A_Hettinger: Come on over to the #ESASciComm booth 303 and #sketchyourscience! #ESA2017 https://t.co/1J6MIuGrq1",FALSE,0,NA,2017-08-09 03:00:09,FALSE,NA,"895117466493362176",NA,"<a href=""http://twitter.com/download/iphone"" rel=""nofollow"">Twitter for iPhone</a>","priyology",2,TRUE,FALSE,NA,NA
"RT @ejrollinson: Riparian zones = still super interesting at the #ESASciComm booth  #sketchyourscience #ESA2017 https://t.co/uq2leEUzO9",FALSE,0,NA,2017-08-09 02:10:03,FALSE,NA,"895104860361596928",NA,"<a href=""https://about.twitter.com/products/tweetdeck"" rel=""nofollow"">TweetDeck</a>","ESA_org",1,TRUE,FALSE,NA,NA
"#ESASciComm Biz meeting in &lt;10 min in E142. It'll be quick &amp; fun. Help chart our direction!! #ESA2017 https://t.co/KREO9elZf8",FALSE,1,NA,2017-08-09 01:24:59,FALSE,NA,"895093517516591104",NA,"<a href=""http://twitter.com/download/iphone"" rel=""nofollow"">Twitter for iPhone</a>","A_Hettinger",0,FALSE,FALSE,NA,NA
"Riparian zones = still super interesting at the #ESASciComm booth  #sketchyourscience #ESA2017 https://t.co/uq2leEUzO9",FALSE,11,NA,2017-08-09 01:21:26,FALSE,NA,"895092626633891840",NA,"<a href=""http://twitter.com/download/iphone"" rel=""nofollow"">Twitter for iPhone</a>","ejrollinson",1,FALSE,FALSE,NA,NA
"Come on over to the #ESASciComm booth 303 and #sketchyourscience! #ESA2017 https://t.co/1J6MIuGrq1",FALSE,11,NA,2017-08-09 01:04:58,FALSE,NA,"895088482372145152",NA,"<a href=""http://twitter.com/download/iphone"" rel=""nofollow"">Twitter for iPhone</a>","A_Hettinger",2,FALSE,FALSE,NA,NA
"Kaitlin Bonner: ""This is as good as it gets!"" #sketchyourscience at booth 303 w/ #ESA2017 #ESASciComm. https://t.co/iOcapO2IBU",FALSE,6,NA,2017-08-09 00:21:53,FALSE,NA,"895077637206429697",NA,"<a href=""http://twitter.com/download/android"" rel=""nofollow"">Twitter for Android</a>","commnatural",0,FALSE,FALSE,NA,NA
"Come #sketchyourscience w/ @rylandbt @steph_birnbaumat #ESASciComm booth 303! https://t.co/EugilgwK9O",FALSE,3,NA,2017-08-08 23:49:11,FALSE,NA,"895069409772945409",NA,"<a href=""http://twitter.com/download/android"" rel=""nofollow"">Twitter for Android</a>","commnatural",0,FALSE,FALSE,NA,NA
"#stickfigures #sketchyourscience #ESA2017 #EngageESA #ESASciComm https://t.co/FIaBp1ahhS",FALSE,1,NA,2017-08-08 23:32:41,FALSE,NA,"895065258116530176",NA,"<a href=""http://twitter.com/download/android"" rel=""nofollow"">Twitter for Android</a>","EngageClimate",0,FALSE,FALSE,NA,NA
"RT @EngageClimate: There is some serious #daphnia &amp; #zooplankton #SketchYourScience action going on at the #ESA2017 #ESASciComm booth. cc:…",FALSE,0,NA,2017-08-08 22:43:51,FALSE,NA,"895052967170244608",NA,"<a href=""http://twitter.com"" rel=""nofollow"">Twitter Web Client</a>","Learn_OnTheFly",2,TRUE,FALSE,NA,NA
"RT @EngageClimate: There is some serious #daphnia &amp; #zooplankton #SketchYourScience action going on at the #ESA2017 #ESASciComm booth. cc:…",FALSE,0,NA,2017-08-08 22:41:15,FALSE,NA,"895052315404587008",NA,"<a href=""http://twitter.com"" rel=""nofollow"">Twitter Web Client</a>","duffy_ma",2,TRUE,FALSE,NA,NA
"There is some serious #daphnia &amp; #zooplankton #SketchYourScience action going on at the #ESA2017 #ESASciComm booth.… https://t.co/OsqclLXILK",FALSE,3,NA,2017-08-08 22:33:11,TRUE,NA,"895050281892823042",NA,"<a href=""http://twitter.com/download/android"" rel=""nofollow"">Twitter for Android</a>","EngageClimate",2,FALSE,FALSE,NA,NA
"#ESASciComm business meeting is open to all - membership not required. See you 6:30 p.m. in OCC E142 https://t.co/8TMKug0XWX #ESA2017",FALSE,0,NA,2017-08-08 20:58:24,FALSE,NA,"895026431561842688",NA,"<a href=""http://twitter.com"" rel=""nofollow"">Twitter Web Client</a>","commnatural",0,FALSE,FALSE,NA,NA
"RT @EcologyOfShane: #storytelling. #scicomm. me &amp; @ErinHBarker! What more could you want?! #engageESA #esascicomm https://t.co/bEdHtz7d39",FALSE,0,NA,2017-08-08 20:30:00,FALSE,NA,"895019283788570625",NA,"<a href=""http://placeholder.place"" rel=""nofollow"">_open_science_</a>","_open_science_",1,TRUE,FALSE,NA,NA
"#storytelling. #scicomm. me &amp; @ErinHBarker! What more could you want?! #engageESA #esascicomm https://t.co/bEdHtz7d39",FALSE,2,NA,2017-08-08 20:29:23,FALSE,NA,"895019128444014592",NA,"<a href=""http://twitter.com"" rel=""nofollow"">Twitter Web Client</a>","EcologyOfShane",1,FALSE,FALSE,NA,NA
"RT @commnatural: Artist #residency opportunities with @noaa look awesome! #sciart #ignite #ESASciComm #ESA2017",FALSE,0,NA,2017-08-08 20:23:42,FALSE,NA,"895017696911175680",NA,"<a href=""http://twitter.com/download/iphone"" rel=""nofollow"">Twitter for iPhone</a>","CarriLeRoy",1,TRUE,FALSE,NA,NA
"RT @commnatural: Robin Kemmerer: we need data to change our minds but poetry to change our hearts. Quotes in #sciart #ignite #ESASciComm #E…",FALSE,0,NA,2017-08-08 20:23:39,FALSE,NA,"895017683854295040",NA,"<a href=""http://twitter.com/download/iphone"" rel=""nofollow"">Twitter for iPhone</a>","CarriLeRoy",3,TRUE,FALSE,NA,NA
"RT @commnatural: Wondering how to connect w/ #scicomm at #ESA2017? Check out the #ESASciComm section website for a BIG list of options, inc…",FALSE,0,NA,2017-08-08 20:16:36,FALSE,NA,"895015911341514753",NA,"<a href=""https://about.twitter.com/products/tweetdeck"" rel=""nofollow"">TweetDeck</a>","AzurigenMCS",2,TRUE,FALSE,NA,NA
"RT @commnatural: Wondering how to connect w/ #scicomm at #ESA2017? Check out the #ESASciComm section website for a BIG list of options, inc…",FALSE,0,NA,2017-08-08 20:16:24,FALSE,NA,"895015860640919555",NA,"<a href=""http://placeholder.place"" rel=""nofollow"">_open_science_</a>","_open_science_",2,TRUE,FALSE,NA,NA
"RT @A_Hettinger: Check out our piece about the #MySciComm blog series! https://t.co/CvyTkC8CCJ #ESASciComm Section, #ESA2017 @commnatural @…",FALSE,0,NA,2017-08-08 20:15:58,FALSE,NA,"895015750418739200",NA,"<a href=""http://twitter.com/download/iphone"" rel=""nofollow"">Twitter for iPhone</a>","_klburke",10,TRUE,FALSE,NA,NA
"Wondering how to connect w/ #scicomm at #ESA2017? Check out the #ESASciComm section website for a BIG list of optio… https://t.co/L7aVk6UStT",FALSE,4,NA,2017-08-08 20:14:53,TRUE,NA,"895015477256134657",NA,"<a href=""http://twitter.com/download/android"" rel=""nofollow"">Twitter for Android</a>","commnatural",2,FALSE,FALSE,NA,NA
"RT @A_Hettinger: Check out our piece about the #MySciComm blog series! https://t.co/CvyTkC8CCJ #ESASciComm Section, #ESA2017 @commnatural @…",FALSE,0,NA,2017-08-08 20:14:05,FALSE,NA,"895015276705611777",NA,"<a href=""http://twitter.com/download/iphone"" rel=""nofollow"">Twitter for iPhone</a>","quooddy",10,TRUE,FALSE,NA,NA
"RT @priyology: I feel so incredibly lucky to have been part of this #ESASciComm series (&amp; the collage!). @ESA_org https://t.co/BY1nmNVZtx",FALSE,0,NA,2017-08-08 17:28:09,FALSE,NA,"894973518881751040",NA,"<a href=""http://twitter.com/download/iphone"" rel=""nofollow"">Twitter for iPhone</a>","Bobby_SanMiguel",2,TRUE,FALSE,NA,NA
"RT @A_Hettinger: Check out our piece about the #MySciComm blog series! https://t.co/CvyTkC8CCJ #ESASciComm Section, #ESA2017 @commnatural @…",FALSE,0,NA,2017-08-08 17:09:59,FALSE,NA,"894968946276929536",NA,"<a href=""http://twitter.com/download/android"" rel=""nofollow"">Twitter for Android</a>","verissimodiogo",10,TRUE,FALSE,NA,NA
"RT @commnatural: Robin Kemmerer: we need data to change our minds but poetry to change our hearts. Quotes in #sciart #ignite #ESASciComm #E…",FALSE,0,NA,2017-08-08 16:56:06,FALSE,NA,"894965453822599168",NA,"<a href=""http://twitter.com"" rel=""nofollow"">Twitter Web Client</a>","Bird_Wells",3,TRUE,FALSE,NA,NA
"Time for #sciart #ignite round 2! Come join the convo, incl. discussion of possible new SciArt section! #ESA2017… https://t.co/s8MOJPzWPM",FALSE,0,NA,2017-08-08 16:49:11,TRUE,NA,"894963713957961728",NA,"<a href=""http://twitter.com/download/android"" rel=""nofollow"">Twitter for Android</a>","commnatural",1,FALSE,FALSE,NA,NA
"Robin Kemmerer: we need data to change our minds but poetry to change our hearts. Quotes in #sciart #ignite #ESASciComm #ESA2017",FALSE,1,NA,2017-08-08 16:41:48,FALSE,NA,"894961856086921216",NA,"<a href=""http://twitter.com/download/android"" rel=""nofollow"">Twitter for Android</a>","commnatural",3,FALSE,FALSE,NA,NA
"Artist #residency opportunities with @noaa look awesome! #sciart #ignite #ESASciComm #ESA2017",FALSE,1,NA,2017-08-08 16:41:48,FALSE,NA,"894961856086810624",NA,"<a href=""http://twitter.com/download/android"" rel=""nofollow"">Twitter for Android</a>","commnatural",1,FALSE,FALSE,NA,NA
"RT @A_Hettinger: The @ESA_org #ESASciComm Section Biz Mtg is TODAY (Tues) @ 6:30p E142 ALL WELCOME! Please join us. #ESA2017 @impactmediala…",FALSE,0,NA,2017-08-08 16:41:48,FALSE,NA,"894961856082714625",NA,"<a href=""http://twitter.com/download/android"" rel=""nofollow"">Twitter for Android</a>","commnatural",4,TRUE,FALSE,NA,NA
"@EcologyOfShane  is at #ESA2017 talking #scicomm, #scipol, &amp; #sciengage w/ #EngageESA &amp; #ESASciComm! Look him up! https://t.co/6SHiFfhOjK",FALSE,0,"EcologyOfShane",2017-08-08 15:30:08,FALSE,NA,"894943820147720192","1626144776","<a href=""http://www.hootsuite.com"" rel=""nofollow"">Hootsuite</a>","AGU_SciComm",0,FALSE,FALSE,NA,NA
"RT @commnatural: Join us NOW for #ESASciComm's chair &amp; @impactmedialab founder Kika Tuff's workshop on designing your career to include #sc…",FALSE,0,NA,2017-08-08 15:19:33,FALSE,NA,"894941158094151680",NA,"<a href=""http://twitter.com/download/iphone"" rel=""nofollow"">Twitter for iPhone</a>","impactmedialab",3,TRUE,FALSE,NA,NA
"RT @A_Hettinger: The @ESA_org #ESASciComm Section Biz Mtg is TODAY (Tues) @ 6:30p E142 ALL WELCOME! Please join us. #ESA2017 @impactmediala…",FALSE,0,NA,2017-08-08 15:18:48,FALSE,NA,"894940968863940609",NA,"<a href=""http://twitter.com/download/iphone"" rel=""nofollow"">Twitter for iPhone</a>","impactmedialab",4,TRUE,FALSE,NA,NA
"RT @A_Hettinger: Check out our piece about the #MySciComm blog series! https://t.co/CvyTkC8CCJ #ESASciComm Section, #ESA2017 @commnatural @…",FALSE,0,NA,2017-08-08 15:18:44,FALSE,NA,"894940950748741636",NA,"<a href=""http://twitter.com/download/iphone"" rel=""nofollow"">Twitter for iPhone</a>","impactmedialab",10,TRUE,FALSE,NA,NA
"RT @A_Hettinger: The @ESA_org #ESASciComm Section Biz Mtg is TODAY (Tues) @ 6:30p E142 ALL WELCOME! Please join us. #ESA2017 @impactmediala…",FALSE,0,NA,2017-08-08 15:15:47,FALSE,NA,"894940206691794944",NA,"<a href=""http://twitter.com/download/android"" rel=""nofollow"">Twitter for Android</a>","AzurigenMCS",4,TRUE,FALSE,NA,NA
"RT @priyology: I feel so incredibly lucky to have been part of this #ESASciComm series (&amp; the collage!). @ESA_org https://t.co/BY1nmNVZtx",FALSE,0,NA,2017-08-08 15:14:44,FALSE,NA,"894939942874300416",NA,"<a href=""http://twitter.com/download/iphone"" rel=""nofollow"">Twitter for iPhone</a>","RebaFay",2,TRUE,FALSE,NA,NA
"I feel so incredibly lucky to have been part of this #ESASciComm series (&amp; the collage!). @ESA_org https://t.co/BY1nmNVZtx",FALSE,7,NA,2017-08-08 15:10:42,FALSE,NA,"894938927080980481",NA,"<a href=""http://twitter.com"" rel=""nofollow"">Twitter Web Client</a>","priyology",2,FALSE,FALSE,NA,NA
"RT @A_Hettinger: Check out our piece about the #MySciComm blog series! https://t.co/CvyTkC8CCJ #ESASciComm Section, #ESA2017 @commnatural @…",FALSE,0,NA,2017-08-08 15:06:42,FALSE,NA,"894937922868092929",NA,"<a href=""http://twitter.com/download/android"" rel=""nofollow"">Twitter for Android</a>","AzurigenMCS",10,TRUE,FALSE,NA,NA
"RT @A_Hettinger: Check out our piece about the #MySciComm blog series! https://t.co/CvyTkC8CCJ #ESASciComm Section, #ESA2017 @commnatural @…",FALSE,0,NA,2017-08-08 14:46:39,FALSE,NA,"894932877049077760",NA,"<a href=""https://mobile.twitter.com"" rel=""nofollow"">Twitter Lite</a>","ESA_org",10,TRUE,FALSE,NA,NA
"RT @A_Hettinger: The @ESA_org #ESASciComm Section Biz Mtg is TODAY (Tues) @ 6:30p E142 ALL WELCOME! Please join us. #ESA2017 @impactmediala…",FALSE,0,NA,2017-08-08 14:46:31,FALSE,NA,"894932842672570369",NA,"<a href=""https://mobile.twitter.com"" rel=""nofollow"">Twitter Lite</a>","ESA_org",4,TRUE,FALSE,NA,NA
"@A_Hettinger WOW! Look at that awesome crowd! Well done #ESASciComm! So sorry to miss you all at #ESA2017 this year!!!!",FALSE,3,"A_Hettinger",2017-08-08 14:20:32,FALSE,"894621874189094912","894926303178129408","1872646711","<a href=""http://twitter.com"" rel=""nofollow"">Twitter Web Client</a>","DrHolly",0,FALSE,FALSE,NA,NA
"RT @A_Hettinger: Check out our piece about the #MySciComm blog series! https://t.co/CvyTkC8CCJ #ESASciComm Section, #ESA2017 @commnatural @…",FALSE,0,NA,2017-08-08 13:58:08,FALSE,NA,"894920667006734336",NA,"<a href=""http://twitter.com/download/iphone"" rel=""nofollow"">Twitter for iPhone</a>","MegClock",10,TRUE,FALSE,NA,NA
"RT @A_Hettinger: Check out our piece about the #MySciComm blog series! https://t.co/CvyTkC8CCJ #ESASciComm Section, #ESA2017 @commnatural @…",FALSE,0,NA,2017-08-08 13:53:59,FALSE,NA,"894919622406926336",NA,"<a href=""http://twitter.com/download/iphone"" rel=""nofollow"">Twitter for iPhone</a>","strctlyfishwrap",10,TRUE,FALSE,NA,NA
"Check out our piece about the #MySciComm blog series! https://t.co/CvyTkC8CCJ #ESASciComm Section, #ESA2017… https://t.co/Sdhd22YXrR",FALSE,11,NA,2017-08-08 13:38:40,TRUE,NA,"894915767489011713",NA,"<a href=""http://twitter.com"" rel=""nofollow"">Twitter Web Client</a>","A_Hettinger",10,FALSE,FALSE,NA,NA
"Are you at #ESA2017 &amp; into #scicomm? Follow #EngageESA &amp; #ESASciComm for more!",FALSE,0,NA,2017-08-08 13:22:26,FALSE,NA,"894911683663101954",NA,"<a href=""http://twitter.com"" rel=""nofollow"">Twitter Web Client</a>","ECCForum",0,FALSE,FALSE,NA,NA
"I study food from the sea. You can #sketchYOURscience too @ the #ESASciComm Sec. booth. #ESA2017 #aquaculture… https://t.co/tMTgjydhLZ",FALSE,2,NA,2017-08-08 13:07:37,TRUE,NA,"894907952645013504",NA,"<a href=""http://twitter.com"" rel=""nofollow"">Twitter Web Client</a>","A_Hettinger",0,FALSE,FALSE,NA,NA
"The @ESA_org #ESASciComm Section Biz Mtg is TODAY (Tues) @ 6:30p E142 ALL WELCOME! Please join us. #ESA2017… https://t.co/cPN9a262sW",FALSE,3,NA,2017-08-08 13:02:43,TRUE,NA,"894906720568213504",NA,"<a href=""http://twitter.com"" rel=""nofollow"">Twitter Web Client</a>","A_Hettinger",4,FALSE,FALSE,NA,NA
"RT @A_Hettinger: #ESA2017 #improv was FUN!! I hope is was useful too. @hormiga @cjlortie #ESASciComm #SciComm 1/ https://t.co/MrEMuvqSCr",FALSE,0,NA,2017-08-08 05:28:24,FALSE,NA,"894792387960086528",NA,"<a href=""http://twitter.com/download/iphone"" rel=""nofollow"">Twitter for iPhone</a>","improvtheatre",4,TRUE,FALSE,NA,NA
"RT @A_Hettinger: David Lodge, @ESA_org Pres, urges #ESA2017 members to get involved w/ #SciPolicy Section &amp; #ESASciComm Section as way to e…",FALSE,0,NA,2017-08-08 03:19:23,FALSE,NA,"894759919039070209",NA,"<a href=""http://twitter.com/download/iphone"" rel=""nofollow"">Twitter for iPhone</a>","kwren88",4,TRUE,FALSE,NA,NA
"RT @A_Hettinger: David Lodge, @ESA_org Pres, urges #ESA2017 members to get involved w/ #SciPolicy Section &amp; #ESASciComm Section as way to e…",FALSE,0,NA,2017-08-08 03:00:05,FALSE,NA,"894755065289818113",NA,"<a href=""http://twitterrific.com"" rel=""nofollow"">Twitterrific</a>","drbarnes",4,TRUE,FALSE,NA,NA
"RT @A_Hettinger: David Lodge, @ESA_org Pres, urges #ESA2017 members to get involved w/ #SciPolicy Section &amp; #ESASciComm Section as way to e…",FALSE,0,NA,2017-08-08 02:52:35,FALSE,NA,"894753174938017792",NA,"<a href=""http://twitter.com/#!/download/ipad"" rel=""nofollow"">Twitter for iPad</a>","melissakenney",4,TRUE,FALSE,NA,NA
"RT @A_Hettinger: David Lodge, @ESA_org Pres, urges #ESA2017 members to get involved w/ #SciPolicy Section &amp; #ESASciComm Section as way to e…",FALSE,0,NA,2017-08-08 02:50:53,FALSE,NA,"894752748305915904",NA,"<a href=""https://about.twitter.com/products/tweetdeck"" rel=""nofollow"">TweetDeck</a>","ESA_org",4,TRUE,FALSE,NA,NA
"David Lodge, @ESA_org Pres, urges #ESA2017 members to get involved w/ #SciPolicy Section &amp; #ESASciComm Section as way to engage! Please do!!",FALSE,3,NA,2017-08-08 02:47:22,FALSE,NA,"894751863660199937",NA,"<a href=""http://twitter.com/download/iphone"" rel=""nofollow"">Twitter for iPhone</a>","A_Hettinger",4,FALSE,FALSE,NA,NA
"At the #ESASciComm booth with @A_Hettinger talking about numbers of butterflies #SketchYourScience https://t.co/Tb3TM0oSpj",FALSE,4,NA,2017-08-08 01:30:47,FALSE,NA,"894732590631886848",NA,"<a href=""http://twitter.com/download/iphone"" rel=""nofollow"">Twitter for iPhone</a>","ElsitaMK",0,FALSE,FALSE,NA,NA
"RT @commnatural: #sketchyourscience is live!!! Come to #ESASciComm booth 303! #ESA2017 https://t.co/61hujcFfxY",FALSE,0,NA,2017-08-08 01:29:00,FALSE,NA,"894732141572964352",NA,"<a href=""http://twitter.com"" rel=""nofollow"">Twitter Web Client</a>","wyokauffman",1,TRUE,FALSE,NA,NA
"#sketchyourscience is live!!! Come to #ESASciComm booth 303! #ESA2017 https://t.co/61hujcFfxY",FALSE,7,NA,2017-08-08 01:04:11,FALSE,NA,"894725896162037760",NA,"<a href=""http://twitter.com/download/android"" rel=""nofollow"">Twitter for Android</a>","commnatural",1,FALSE,FALSE,NA,NA
"RT @commnatural: Want to talk images &amp; #scicomm at #ESA2017? Come 2 #ESASciComm booth 4-6 tonight &amp; brainstorm, network &amp; talk shop!",FALSE,0,NA,2017-08-07 23:29:27,FALSE,NA,"894702056220409856",NA,"<a href=""http://twitter.com/download/iphone"" rel=""nofollow"">Twitter for iPhone</a>","itatiVCS",2,TRUE,FALSE,NA,NA
"RT @commnatural: Want to talk images &amp; #scicomm at #ESA2017? Come 2 #ESASciComm booth 4-6 tonight &amp; brainstorm, network &amp; talk shop!",FALSE,0,NA,2017-08-07 23:28:50,FALSE,NA,"894701902138572803",NA,"<a href=""http://placeholder.place"" rel=""nofollow"">_open_science_</a>","_open_science_",2,TRUE,FALSE,NA,NA
"Want to talk images &amp; #scicomm at #ESA2017? Come 2 #ESASciComm booth 4-6 tonight &amp; brainstorm, network &amp; talk shop!",FALSE,3,NA,2017-08-07 23:27:35,FALSE,NA,"894701584742989826",NA,"<a href=""http://twitter.com/download/android"" rel=""nofollow"">Twitter for Android</a>","commnatural",2,FALSE,FALSE,NA,NA
"RT @commnatural: #StandingRoomOnly at #ESASciComm's #Improv your science with @A_Hettinger !!! https://t.co/G1PmHABhIw",FALSE,0,NA,2017-08-07 23:21:54,FALSE,NA,"894700157190586368",NA,"<a href=""http://twitter.com/download/iphone"" rel=""nofollow"">Twitter for iPhone</a>","ea_lenz",3,TRUE,FALSE,NA,NA
"RT @commnatural: Idea from #ESA2017: collab btwn Ensia &amp; #ESASciComm section could be awesome way 2 mentor section members in #scicomm! @mk…",FALSE,0,NA,2017-08-07 23:12:12,FALSE,NA,"894697714155499524",NA,"<a href=""http://placeholder.place"" rel=""nofollow"">_open_science_</a>","_open_science_",1,TRUE,FALSE,NA,NA
"Idea from #ESA2017: collab btwn Ensia &amp; #ESASciComm section could be awesome way 2 mentor section members in #scicomm! @mkhoff @A_Hettinger",FALSE,5,NA,2017-08-07 23:10:29,FALSE,NA,"894697281273778176",NA,"<a href=""http://twitter.com/download/android"" rel=""nofollow"">Twitter for Android</a>","commnatural",1,FALSE,FALSE,NA,NA
"""Don't let the message get lost in the data &amp; let ppl see your enthusiasm 4 yr work."" ~ M.D. Hurteau #EngageESA #Ignite #ESASciComm #ESA2017",FALSE,0,NA,2017-08-07 23:01:05,FALSE,NA,"894694917364043776",NA,"<a href=""http://twitter.com/download/android"" rel=""nofollow"">Twitter for Android</a>","commnatural",0,FALSE,FALSE,NA,NA
"RT @AGU_SciComm: At #ESA2017 &amp; interested in #scicomm? Follow #EngageESA &amp; #ESASciComm for the good stuff (&amp; you'll likely find @EcologyOfS…",FALSE,0,NA,2017-08-07 22:54:04,FALSE,NA,"894693152099008512",NA,"<a href=""http://placeholder.place"" rel=""nofollow"">_open_science_</a>","_open_science_",1,TRUE,FALSE,NA,NA
"At #ESA2017 &amp; interested in #scicomm? Follow #EngageESA &amp; #ESASciComm for the good stuff (&amp; you'll likely find @EcologyOfShane)! #sciengage",FALSE,3,NA,2017-08-07 22:52:32,FALSE,NA,"894692764650045440",NA,"<a href=""http://twitter.com/download/iphone"" rel=""nofollow"">Twitter for iPhone</a>","AGU_SciComm",1,FALSE,FALSE,NA,NA
"Looking for lively start to #ESA2017? Join us in the raucous-in-a-good-way #improv your science session: OCC C123… https://t.co/ZJ9aWUmqOx",FALSE,7,NA,2017-08-07 21:55:32,TRUE,NA,"894678421707538433",NA,"<a href=""http://twitter.com/download/android"" rel=""nofollow"">Twitter for Android</a>","commnatural",3,FALSE,FALSE,NA,NA
"@JacquelynGill If you want to have visuals for your tweets, but feel stymied by the no-photos policy? Try sketching… https://t.co/dMeA24SVEH",FALSE,0,"JacquelynGill",2017-08-07 21:45:38,TRUE,"894659165930397696","894675931465371648","112475924","<a href=""http://twitter.com"" rel=""nofollow"">Twitter Web Client</a>","A_Hettinger",0,FALSE,FALSE,NA,NA
"RT @commnatural: #StandingRoomOnly at #ESASciComm's #Improv your science with @A_Hettinger !!! https://t.co/G1PmHABhIw",FALSE,0,NA,2017-08-07 21:43:27,FALSE,NA,"894675381864853505",NA,"<a href=""http://twitter.com"" rel=""nofollow"">Twitter Web Client</a>","DrRamBio",3,TRUE,FALSE,NA,NA
"@commnatural @A_Hettinger #SciCommArmy! Science will prevail as this movement grows! Thank you #ESA2017 #ESAScicomm @impactmedialab",FALSE,4,"commnatural",2017-08-07 21:42:03,FALSE,"894674212694118400","894675026800201728","495181977","<a href=""http://twitter.com"" rel=""nofollow"">Twitter Web Client</a>","DrRamBio",0,FALSE,FALSE,NA,NA
"RT @commnatural: #StandingRoomOnly at #ESASciComm's #Improv your science with @A_Hettinger !!! https://t.co/G1PmHABhIw",FALSE,0,NA,2017-08-07 21:39:23,FALSE,NA,"894674355044573184",NA,"<a href=""http://twitter.com"" rel=""nofollow"">Twitter Web Client</a>","A_Hettinger",3,TRUE,FALSE,NA,NA
"#StandingRoomOnly at #ESASciComm's #Improv your science with @A_Hettinger !!! https://t.co/G1PmHABhIw",FALSE,4,NA,2017-08-07 21:38:49,FALSE,NA,"894674212694118400",NA,"<a href=""http://twitter.com/download/android"" rel=""nofollow"">Twitter for Android</a>","commnatural",3,FALSE,FALSE,NA,NA
"Ask an #Improv Your Science participant what answer is how challenge made them think &amp; feel! @A_Hettinger #ESASciComm #ESA2017 6/6",FALSE,4,"commnatural",2017-08-07 21:37:58,FALSE,"894618778377506818","894674000168632320","495181977","<a href=""http://twitter.com/download/android"" rel=""nofollow"">Twitter for Android</a>","commnatural",0,FALSE,FALSE,NA,NA
"RT @commnatural: ""Good science comes 1st. Then, marketing/branding makes you discoverable, knowable."" ~@impactmedialab #ESASciComm #ESA2017",FALSE,0,NA,2017-08-07 20:13:25,FALSE,NA,"894652723609518080",NA,"<a href=""https://about.twitter.com/products/tweetdeck"" rel=""nofollow"">TweetDeck</a>","AzurigenMCS",1,TRUE,FALSE,NA,NA
"RT @A_Hettinger: #ESA2017 #improv was FUN!! I hope is was useful too. @hormiga @cjlortie #ESASciComm #SciComm 1/ https://t.co/MrEMuvqSCr",FALSE,0,NA,2017-08-07 20:09:57,FALSE,NA,"894651850984570881",NA,"<a href=""https://about.twitter.com/products/tweetdeck"" rel=""nofollow"">TweetDeck</a>","AzurigenMCS",4,TRUE,FALSE,NA,NA
"RT @A_Hettinger: #ESA2017 #improv #ESASciComm #SciComm 2/ https://t.co/J2mIG8CcMd",FALSE,0,NA,2017-08-07 20:09:53,FALSE,NA,"894651832223449093",NA,"<a href=""https://about.twitter.com/products/tweetdeck"" rel=""nofollow"">TweetDeck</a>","AzurigenMCS",1,TRUE,FALSE,NA,NA
"RT @commnatural: ""Think of it as community, not branding."" #ESASciComm #ESA2017",FALSE,0,NA,2017-08-07 20:07:03,FALSE,NA,"894651119678349312",NA,"<a href=""https://about.twitter.com/products/tweetdeck"" rel=""nofollow"">TweetDeck</a>","AzurigenMCS",1,TRUE,FALSE,NA,NA
"""Think of it as community, not branding."" #ESASciComm #ESA2017",FALSE,1,"commnatural",2017-08-07 19:54:41,FALSE,"894647751094353926","894648006674268165","495181977","<a href=""http://twitter.com/download/android"" rel=""nofollow"">Twitter for Android</a>","commnatural",1,FALSE,FALSE,NA,NA
"Tim's Tips for social media strategy: 1) pick a platform you like, and invest in that one. Professional vs personal. #ESASciComm #ESA2017",FALSE,2,NA,2017-08-07 19:53:40,FALSE,NA,"894647751094353926",NA,"<a href=""http://twitter.com/download/android"" rel=""nofollow"">Twitter for Android</a>","commnatural",2,FALSE,FALSE,NA,NA
"RT @A_Hettinger: #ESA2017 #improv was FUN!! I hope is was useful too. @hormiga @cjlortie #ESASciComm #SciComm 1/ https://t.co/MrEMuvqSCr",FALSE,0,NA,2017-08-07 19:38:13,FALSE,NA,"894643864480301056",NA,"<a href=""http://twitter.com/download/iphone"" rel=""nofollow"">Twitter for iPhone</a>","ea_lenz",4,TRUE,FALSE,NA,NA
"#ESA2017 #improv #ESASciComm #SciComm 3/ https://t.co/V2T7KKaRZ9",FALSE,4,"A_Hettinger",2017-08-07 19:33:56,FALSE,"894642353503256577","894642785004933120","1872646711","<a href=""http://twitter.com/download/iphone"" rel=""nofollow"">Twitter for iPhone</a>","A_Hettinger",0,FALSE,FALSE,NA,NA
"#ESA2017 #improv #ESASciComm #SciComm 2/ https://t.co/J2mIG8CcMd",FALSE,2,"A_Hettinger",2017-08-07 19:32:13,FALSE,"894641661531181057","894642353503256577","1872646711","<a href=""http://twitter.com/download/iphone"" rel=""nofollow"">Twitter for iPhone</a>","A_Hettinger",1,FALSE,FALSE,NA,NA
"RT @A_Hettinger: #ESA2017 #improv was FUN!! I hope is was useful too. @hormiga @cjlortie #ESASciComm #SciComm 1/ https://t.co/MrEMuvqSCr",FALSE,0,NA,2017-08-07 19:29:58,FALSE,NA,"894641786089615366",NA,"<a href=""http://placeholder.place"" rel=""nofollow"">_open_science_</a>","_open_science_",4,TRUE,FALSE,NA,NA
"#ESA2017 #improv was FUN!! I hope is was useful too. @hormiga @cjlortie #ESASciComm #SciComm 1/ https://t.co/MrEMuvqSCr",FALSE,17,NA,2017-08-07 19:29:28,FALSE,NA,"894641661531181057",NA,"<a href=""http://twitter.com/download/iphone"" rel=""nofollow"">Twitter for iPhone</a>","A_Hettinger",4,FALSE,FALSE,NA,NA
"""You want ppl to feel about your sci like they do abt Starbucks -- reliable, trustworthy, familiar."" ~@impactmedialab #ESASciComm #ESA2017",FALSE,4,NA,2017-08-07 19:27:45,FALSE,NA,"894641227982749705",NA,"<a href=""http://twitter.com/download/android"" rel=""nofollow"">Twitter for Android</a>","commnatural",2,FALSE,FALSE,NA,NA
"""Good science comes 1st. Then, marketing/branding makes you discoverable, knowable."" ~@impactmedialab #ESASciComm #ESA2017",FALSE,7,NA,2017-08-07 19:22:42,FALSE,NA,"894639958081716225",NA,"<a href=""http://twitter.com/download/android"" rel=""nofollow"">Twitter for Android</a>","commnatural",1,FALSE,FALSE,NA,NA
"""What's something you're good at/care bout that's NOT your science? How can that make you multidimensional?"" ~@impactmedialab #ESASciComm",FALSE,1,NA,2017-08-07 19:19:07,FALSE,NA,"894639058571280384",NA,"<a href=""http://twitter.com/download/android"" rel=""nofollow"">Twitter for Android</a>","commnatural",0,FALSE,FALSE,NA,NA
"""Take even a fraction of energy you put into science &amp; put into how you communicate your science."" ~@impactmedialab… https://t.co/Nim2OduQh9",FALSE,2,NA,2017-08-07 19:01:17,TRUE,NA,"894634571232182272",NA,"<a href=""http://twitter.com/download/android"" rel=""nofollow"">Twitter for Android</a>","commnatural",3,FALSE,FALSE,NA,NA
"RT @commnatural: Join us NOW for #ESASciComm's chair &amp; @impactmedialab founder Kika Tuff's workshop on designing your career to include #sc…",FALSE,0,NA,2017-08-07 18:56:59,FALSE,NA,"894633485817847808",NA,"<a href=""http://twitter.com"" rel=""nofollow"">Twitter Web Client</a>","DrRamBio",3,TRUE,FALSE,NA,NA
"RT @commnatural: Join us NOW for #ESASciComm's chair &amp; @impactmedialab founder Kika Tuff's workshop on designing your career to include #sc…",FALSE,0,NA,2017-08-07 18:37:03,FALSE,NA,"894628470457860096",NA,"<a href=""http://placeholder.place"" rel=""nofollow"">_open_science_</a>","_open_science_",3,TRUE,FALSE,NA,NA
"Join us NOW for #ESASciComm's chair &amp; @impactmedialab founder Kika Tuff's workshop on designing your career to incl… https://t.co/KfgNs1BiJB",FALSE,6,NA,2017-08-07 18:36:22,TRUE,NA,"894628300047372289",NA,"<a href=""http://twitter.com/download/android"" rel=""nofollow"">Twitter for Android</a>","commnatural",3,FALSE,FALSE,NA,NA
"RT @A_Hettinger: MANY brave &amp; lively folks @ #ESA2017 Improv!! #ESASciComm #SciComm https://t.co/dftXS2XFee",FALSE,0,NA,2017-08-07 18:21:24,FALSE,NA,"894624531926495232",NA,"<a href=""http://twitter.com/download/iphone"" rel=""nofollow"">Twitter for iPhone</a>","ea_lenz",3,TRUE,FALSE,NA,NA
"Quick heads up - I'm at #ESA2017 this week, so expect increased frequency of tweets, mostly re #scicomm by &amp; w/ #ecologists! #ESASciComm",FALSE,2,NA,2017-08-07 18:17:57,FALSE,NA,"894623664364109824",NA,"<a href=""http://twitter.com/download/android"" rel=""nofollow"">Twitter for Android</a>","commnatural",1,FALSE,FALSE,NA,NA
"RT @A_Hettinger: MANY brave &amp; lively folks @ #ESA2017 Improv!! #ESASciComm #SciComm https://t.co/dftXS2XFee",FALSE,0,NA,2017-08-07 18:11:21,FALSE,NA,"894622002748772352",NA,"<a href=""http://placeholder.place"" rel=""nofollow"">_open_science_</a>","_open_science_",3,TRUE,FALSE,NA,NA
"MANY brave &amp; lively folks @ #ESA2017 Improv!! #ESASciComm #SciComm https://t.co/dftXS2XFee",FALSE,14,NA,2017-08-07 18:10:50,FALSE,NA,"894621874189094912",NA,"<a href=""http://twitter.com/download/iphone"" rel=""nofollow"">Twitter for iPhone</a>","A_Hettinger",3,FALSE,FALSE,NA,NA
"Like when the sun makes you warm. What is it? #ESA2017 #ESASciComm #improv 5/6",FALSE,1,"commnatural",2017-08-07 18:02:20,FALSE,"894618778377506818","894619735098183681","495181977","<a href=""http://twitter.com/download/android"" rel=""nofollow"">Twitter for Android</a>","commnatural",0,FALSE,FALSE,NA,NA
"Harnessing lightening to make food. What is it? #ESA2017 #ESASciComm #improv 3/6",FALSE,1,"commnatural",2017-08-07 18:01:33,FALSE,"894619042471792641","894619536170729473","495181977","<a href=""http://twitter.com/download/android"" rel=""nofollow"">Twitter for Android</a>","commnatural",0,FALSE,FALSE,NA,NA
"Box-little cave w/ a flap. What is it? #ESASciComm #improv #ESA2017 4/6",FALSE,1,"commnatural",2017-08-07 18:01:24,FALSE,"894619042471792641","894619497222492160","495181977","<a href=""http://twitter.com/download/android"" rel=""nofollow"">Twitter for Android</a>","commnatural",0,FALSE,FALSE,NA,NA
"Heat you can't see, like rock from fire. What is it? #ESA2017 #ESASciComm 2/6",FALSE,1,"commnatural",2017-08-07 17:59:35,FALSE,"894618778377506818","894619042471792641","495181977","<a href=""http://twitter.com/download/android"" rel=""nofollow"">Twitter for Android</a>","commnatural",0,FALSE,FALSE,NA,NA
"#ESASciComm #improv challenge...what is it? As described by #Improv Your Science participants explaining to a ""Neanderthal"" partner. 1/6",FALSE,2,NA,2017-08-07 17:58:32,FALSE,NA,"894618778377506818",NA,"<a href=""http://twitter.com/download/android"" rel=""nofollow"">Twitter for Android</a>","commnatural",1,FALSE,FALSE,NA,NA
"Getting started in #SciComm early. #ESASciComm baby, Mo. @impactmedialab https://t.co/hvqGljRMVW",FALSE,8,"A_Hettinger",2017-08-07 17:12:04,FALSE,"894602164378546180","894607082934095872","1872646711","<a href=""http://twitter.com/download/iphone"" rel=""nofollow"">Twitter for iPhone</a>","A_Hettinger",0,FALSE,FALSE,NA,NA
"Improv @ #ESA2017 in 25 min!! C123. #ESASciComm #SciComm https://t.co/hRcJjIJgpO",FALSE,2,NA,2017-08-07 16:52:31,FALSE,NA,"894602164378546180",NA,"<a href=""http://twitter.com/download/iphone"" rel=""nofollow"">Twitter for iPhone</a>","A_Hettinger",0,FALSE,FALSE,NA,NA
"#ESA2017, get ur tix to @b4theabstract @story_collider live show to see scientists tell their stories!… https://t.co/8zOjVggb7O",FALSE,5,NA,2017-08-06 21:49:23,TRUE,NA,"894314486336602112",NA,"<a href=""http://twitter.com"" rel=""nofollow"">Twitter Web Client</a>","A_Hettinger",6,FALSE,FALSE,NA,NA
"RT @A_Hettinger: #SciWrite/Journalists/Storytellers @ #ESA2017, we want to meet you! Please come to our #ESASciComm E.H. booth for #AskAPro…",FALSE,0,NA,2017-08-06 15:20:12,FALSE,NA,"894216542581276672",NA,"<a href=""http://twitter.com/download/iphone"" rel=""nofollow"">Twitter for iPhone</a>","pseanmc",3,TRUE,FALSE,NA,NA
"RT @A_Hettinger: #SciWrite/Journalists/Storytellers @ #ESA2017, we want to meet you! Please come to our #ESASciComm E.H. booth for #AskAPro…",FALSE,0,NA,2017-08-06 15:19:11,FALSE,NA,"894216287550709761",NA,"<a href=""http://twitter.com/download/iphone"" rel=""nofollow"">Twitter for iPhone</a>","priyology",3,TRUE,FALSE,NA,NA
"RT @A_Hettinger: #SciWrite/Journalists/Storytellers @ #ESA2017, we want to meet you! Please come to our #ESASciComm E.H. booth for #AskAPro…",FALSE,0,NA,2017-08-06 15:15:18,FALSE,NA,"894215311985000448",NA,"<a href=""http://twitter.com/download/iphone"" rel=""nofollow"">Twitter for iPhone</a>","EcoEvoLab",3,TRUE,FALSE,NA,NA
"#SciWrite/Journalists/Storytellers @ #ESA2017, we want to meet you! Please come to our #ESASciComm E.H. booth for… https://t.co/FM0iDUnXaI",FALSE,5,NA,2017-08-06 15:14:10,TRUE,NA,"894215026801647616",NA,"<a href=""http://twitter.com"" rel=""nofollow"">Twitter Web Client</a>","A_Hettinger",3,FALSE,FALSE,NA,NA
"RT @A_Hettinger: Hey #ESA2017! We're excited for you to #sketchyourscience at our @ESA_org #ESASciComm booth. #sciart #scicomm https://t.co…",FALSE,0,NA,2017-08-06 02:58:46,FALSE,NA,"894029954618404864",NA,"<a href=""http://twitter.com/download/iphone"" rel=""nofollow"">Twitter for iPhone</a>","BeckSamBar",3,TRUE,FALSE,NA,NA
"RT @b4theabstract: We're counting down to our #ESA2017 live show w/ @story_collider and #ESASciComm! RSVP for sips, snacks, &amp; stories! http…",FALSE,0,NA,2017-08-05 22:33:16,FALSE,NA,"893963140806971398",NA,"<a href=""http://twitter.com"" rel=""nofollow"">Twitter Web Client</a>","KathyCottingham",19,TRUE,FALSE,NA,NA
"@aaas I'm looking at you, @ESA_EarlyCareer and #ESASciComm! If you have questions about the #SciEngage award, come find me during #ESA2017.",FALSE,0,"EngageClimate",2017-08-05 21:23:02,FALSE,"893944631313915904","893945467532230657","2241216361","<a href=""http://twitter.com"" rel=""nofollow"">Twitter Web Client</a>","EngageClimate",0,FALSE,FALSE,NA,NA
"RT @EngageClimate: #ESASciComm has the best booth. Not that I'm biased or anything... Come visit me on Tuesday, when I'll be there for #Ask…",FALSE,0,NA,2017-08-05 16:34:19,FALSE,NA,"893872806852558848",NA,"<a href=""http://twitter.com/download/iphone"" rel=""nofollow"">Twitter for iPhone</a>","A_Hettinger",1,TRUE,FALSE,NA,NA
"#ESASciComm has the best booth. Not that I'm biased or anything... Come visit me on Tuesday, when I'll be there for… https://t.co/qkeamqzHia",FALSE,6,NA,2017-08-05 16:32:11,TRUE,NA,"893872270053183488",NA,"<a href=""http://twitter.com"" rel=""nofollow"">Twitter Web Client</a>","EngageClimate",1,FALSE,FALSE,NA,NA
"RT @b4theabstract: We're counting down to our #ESA2017 live show w/ @story_collider and #ESASciComm! RSVP for sips, snacks, &amp; stories! http…",FALSE,0,NA,2017-08-05 04:03:12,FALSE,NA,"893683781839708160",NA,"<a href=""http://twitter.com/download/iphone"" rel=""nofollow"">Twitter for iPhone</a>","Yamaguchi_SJ",19,TRUE,FALSE,NA,NA
"RT @A_Hettinger: Hey #ESA2017! We're excited for you to #sketchyourscience at our @ESA_org #ESASciComm booth. #sciart #scicomm https://t.co…",FALSE,0,NA,2017-08-05 02:43:13,FALSE,NA,"893663653227974656",NA,"<a href=""http://twitter.com/#!/download/ipad"" rel=""nofollow"">Twitter for iPad</a>","brunsonm2",3,TRUE,FALSE,NA,NA
"Start your #ESA2017 w/ a FUN improv #SciComm wkshp! Mon 10:15 OCC-C123. Why improv?? See link.… https://t.co/efU6diEQ98",FALSE,9,NA,2017-08-04 22:17:37,TRUE,NA,"893596814317768704",NA,"<a href=""http://twitter.com"" rel=""nofollow"">Twitter Web Client</a>","A_Hettinger",6,FALSE,FALSE,NA,NA
"RT @A_Hettinger: Hey #ESA2017! We're excited for you to #sketchyourscience at our @ESA_org #ESASciComm booth. #sciart #scicomm https://t.co…",FALSE,0,NA,2017-08-04 21:53:45,FALSE,NA,"893590810012372995",NA,"<a href=""http://placeholder.place"" rel=""nofollow"">_open_science_</a>","_open_science_",3,TRUE,FALSE,NA,NA
"Hey #ESA2017! We're excited for you to #sketchyourscience at our @ESA_org #ESASciComm booth. #sciart #scicomm https://t.co/y1kOAcZv0O",FALSE,16,NA,2017-08-04 21:52:13,FALSE,NA,"893590421133066240",NA,"<a href=""http://twitter.com/download/iphone"" rel=""nofollow"">Twitter for iPhone</a>","A_Hettinger",3,FALSE,FALSE,NA,NA
"RT @DrHolly: @epvoigt @priyology @Alex_Warneke Oh and I'd be remiss if I didn't mention #ESAscicomm's resources and website: https://t.co/2…",FALSE,0,NA,2017-08-04 16:09:24,FALSE,NA,"893504151975362561",NA,"<a href=""http://twitter.com/download/iphone"" rel=""nofollow"">Twitter for iPhone</a>","ElsitaMK",2,TRUE,FALSE,NA,NA
"RT @impactmedialab: Viz #SciCommers! Going to #ESA2017? Come to #ESASciComm booth to share your xpertise and answer Qs at the #AskAPro even…",FALSE,0,NA,2017-08-04 16:03:17,FALSE,NA,"893502609813680128",NA,"<a href=""http://twitter.com/download/iphone"" rel=""nofollow"">Twitter for iPhone</a>","ElsitaMK",1,TRUE,FALSE,NA,NA
